financeiro, 37
mercado, 32
corretor, 32
imóvel, 28
imobiliário, 28
flag_brazil_e, 26
patriota, 13
novo, 12
pai, 11
direita, 9
negro, 6
graduar, 6
geração, 6
venda, 5
perito, 5
investimento, 5
chart_increasing_e, 5
avaliador, 5
red_heart_e, 4
negócio, 4
mãe, 4
formar, 4
flamenguista, 4
filho, 4
casado, 4
boxing_glove_e, 4
armamentista, 4
área, 4
advogado, 4
administrador, 4
trabalhar, 3
seguro, 3
saúde, 3
rubro, 3
opção, 3
músico, 3
money_bag_e, 3
house_with_garden_e, 3
finanças, 3
família, 3
empresário, 3
empreendedor, 3
educação, 3
cristão, 3
casa, 3
carioca, 3
bom, 3
ano, 3
analista, 3
amar, 3
administração, 3
votar, 2
viver, 2
vinho, 2
vida, 2
vago, 2
trabalho, 2
sonho, 2
red_circle_e, 2
realizar, 2
químico, 2
próprio, 2
projeto, 2
principal, 2
político, 2
política, 2
pessoal, 2
pessoa, 2
pátria, 2
palestrante, 2
música, 2
mundo, 2
mineiro, 2
marketing, 2
luto, 2
luta, 2
livre, 2
link, 2
liberdade, 2
interesse, 2
hora, 2
futuro, 2
futebol, 2
forma, 2
foco, 2
empresarial, 2
empresa, 2
economia, 2
diretor, 2
dia, 2
deus, 2
co, 2
capitalista, 2
brasileiro, 2
bolsonarista, 2
black_heart_e, 2
black_circle_e, 2
bar_chart_e, 2
auditor, 2
atuir, 2
assessoria, 2
aposentado, 2
apoiar, 2
apaixonar, 2
apaixonado, 2
ajudar, 2
⠀apaixonado, 1
yellow_heart_e, 1
whatsapp, 1
water_wave_e, 1
vote22bolsonaro_h, 1
vote22_h, 1
vocação, 1
vez, 1
vermelho, 1
vergonha, 1
verde, 1
valor, 1
vagabundo, 1
uva, 1
utilizar, 1
urso, 1
universitário, 1
ufpr, 1
uai, 1
twitter, 1
trumptosaveamerica_h, 1
tricolor, 1
treinamento, 1
transparente, 1
touro, 1
torço, 1
temer, 1
tecnologia, 1
técnico, 1
sunset_e, 1
sunrise_over_mountains_e, 1
subsídio, 1
sp, 1
soyla, 1
soumulhersoubolsonaro_h, 1
soumembrobp_h, 1
solução, 1
solteiro, 1
smiling_face_with_sunglasses_e, 1
servo, 1
serra, 1
sério, 1
sereno, 1
senhor, 1
senado, 1
selfie_e, 1
segurança, 1
seguir, 1
sãopaulo_h, 1
santista, 1
saber, 1
rural, 1
rua, 1
retwetts, 1
resolver, 1
resgate, 1
representante, 1
renda, 1
religião, 1
relacionamento, 1
red, 1
realstate_h, 1
raising_hands_e, 1
química, 1
quanta, 1
purple_circle_e, 1
publicar, 1
psicólogo, 1
proteger, 1
proprietário, 1
pronto, 1
prohibited_e, 1
profissional, 1
professor, 1
processo, 1
princesa, 1
primeiro, 1
primar, 1
presidente, 1
predio_h, 1
precisar, 1
pós, 1
porco, 1
politicar, 1
plano, 1
planejar, 1
pesquisa, 1
pescador, 1
person_gesturing_no_e, 1
persistente, 1
periferia, 1
perfil, 1
pequeno, 1
paulista, 1
patriotismo, 1
patrimônio, 1
pastor, 1
partir, 1
parceiro, 1
país, 1
padrão, 1
otimista, 1
orgulhoso, 1
orgulhar, 1
operador, 1
oooooooooooooooooi, 1
old_key_e, 1
oficial, 1
office_building_e, 1
odontológico, 1
norte, 1
musical_notes_e, 1
motorista, 1
motociclista, 1
moto, 1
morrer, 1
mina, 1
mentoring, 1
memo_e, 1
médio, 1
matadouro, 1
maringaense, 1
man_dancing_light_skin_tone_e, 1
maaama, 1
lulanuncamais_h, 1
lulanacadeia_h, 1
lulaladrao_h, 1
lugar, 1
livrar, 1
líder, 1
licitação, 1
kaaba_e, 1
justo, 1
judeu, 1
investir, 1
investidor, 1
internacional, 1
intermediar, 1
interior, 1
inteligente, 1
íntegro, 1
instar, 1
inovação, 1
informática, 1
independente, 1
impossibilitar, 1
imóvel_h, 1
imobiliaria, 1
idealista, 1
humor, 1
houses_e, 1
hospitalar, 1
hétero, 1
haver, 1
handshake_e, 1
grinning_face_e, 1
grêmio, 1
green_heart_e, 1
grato, 1
grátis, 1
gestor, 1
gestão, 1
gerenciamento, 1
geek, 1
ge, 1
gaúcho, 1
gato, 1
ganhar, 1
gamer, 1
galpão_h, 1
futtura, 1
fundo, 1
fudeu, 1
fuçador, 1
fotógrafo, 1
fotografia, 1
forte, 1
folded_hands_e, 1
flertar, 1
flag_turkey_e, 1
flag_israel_e, 1
fiis, 1
favor, 1
fanático, 1
family_man_woman_boy_boy_e, 1
fã, 1
exterior, 1
expressão, 1
experiência, 1
executivo, 1
ex, 1
evangélico, 1
euapoiobolsonaro_h, 1
eterno, 1
empreendedorismo, 1
educador, 1
economista, 1
dog_face_e, 1
docente, 1
dívida, 1
disposição, 1
discente, 1
direitista, 1
dinheiro, 1
dinâmico, 1
diligência, 1
digno, 1
digital, 1
desistir, 1
designer, 1
desenvolver, 1
deixar, 1
degustador, 1
defensor, 1
custo, 1
curso, 1
curitibano, 1
curioso, 1
crown_e, 1
cristo, 1
criptomoeda, 1
cria, 1
credit_card_e, 1
corrida, 1
coríntio, 1
coração, 1
cityscape_e, 1
cidade, 1
cidadão, 1
ciclismo, 1
ciar, 1
chart_increasing_with_yen_e, 1
chance, 1
cerveja, 1
certo, 1
certificar, 1
cascavelense, 1
casar, 1
casa_h, 1
cartório, 1
carnívoro, 1
carne, 1
capitaodopovo_h, 1
cantora, 1
camera_with_flash_e, 1
câmara, 1
calmo, 1
buscar, 1
busca, 1
bullseye_e, 1
briefcase_e, 1
books_e, 1
bolsonarotemrazao_h, 1
bolsonaroreeleito_h, 1
bolsonaroaté2026_h, 1
bolsonaroate2026_h, 1
bolsonaro_h, 1
bolsonaro22_h, 1
bolsa, 1
blue_heart_e, 1
bird, 1
benefício, 1
bem, 1
bebedor, 1
bandeira, 1
bancário, 1
baiano, 1
backhand_index_pointing_right_e, 1
backhand_index_pointing_down_e, 1
bacharel, 1
b22_h, 1
avô, 1
autônomo, 1
auto, 1
atuar, 1
atuação, 1
atleticano, 1
ativista, 1
atividade, 1
assumir, 1
artesão, 1
arrendamento, 1
armamento, 1
aren, 1
aproveitar, 1
aprendizado, 1
apoio, 1
apartamento_h, 1
apartamento, 1
amor, 1
amo, 1
amarelo, 1
amante, 1
amado, 1
always, 1
aluno, 1
alto, 1
agachar, 1
afim, 1
adorar, 1
acessar, 1
ação, 1
4n1fumkdsl, 1
